 ES-24-500W, 4
﻿3M-SC-UPC-TO-APCSIMP, 6
﻿5M-SC-UPC-TO-SC-APC, 6
﻿ABS-PLC-SPLITTER, 5
﻿ACB-ISP, 3
﻿AF-5G-OMT-S45, 32
﻿AF-5G30-S45, 14
﻿AF-5G34-S45, 4
﻿AF-5U, 1
﻿AF-5X, 13
﻿AF-MPX4, 10
﻿AG-HP-2G16-Cn, 1
﻿AG-HP-2G20-Cn, 1
﻿AIRCAM-3-Eu, 1
﻿AIRGATEWAY-Cn, 39
﻿AIRVISION-C-Cn, 2
﻿AM-2G15-120-Cn, 8
﻿AM-5G16-120, 8
﻿AM-5G19-120-Cn, 10
﻿AM-M-V5G-TI-Cn, 5
﻿AM-V2G-TI-Cn, 4
﻿AM-V2G-TI-Eu, 1
﻿AM-V5G-TI-Cn, 15
﻿AMO-2G10, 20
﻿AMO-2G13, 25
﻿AMO-5G10-Cn, 8
﻿AMO-5G13, 10
﻿ANTENNA-MOUNT-LO, 4
﻿CA493, 4
﻿CAB, 10
﻿CAT6-OUTD-METER, 142
﻿CAT6-UTP-INDOOR, 84
﻿CAT6-UTP-OUTDOOR, 154
﻿CAT6-UTP-PATCH-1M, 1976
﻿CAT6-UTP-PATCH-3M, 882
﻿CCR1009-7G-1C-1S, 4
﻿CRS106-1C-5S, 20
﻿CRS210-8G-2S, 9
﻿CRS212, 16
﻿CRS326-24G-2SRM, 8
﻿CSS326-24G-2SRM, 4
﻿ER-X, 18
﻿ERPOE-5-Cn, 2
﻿ERPOE-5-Eu, 1
﻿ERPRO-8-Cn, 5
﻿ES-24-LITE, 10
﻿ES-48-LITE, 4
﻿ES-8-150W, 10
﻿ETH-SP, 148
﻿F-POE, 20
﻿FTP-CON, 36
﻿INS-8023AF-O, 120
﻿INS-8023AF-O-Cn, 120
﻿L-MOUNTEXT, 3
﻿LBE-5AC-16-120, 1
﻿LBE-5AC-23, 2
﻿LBE-M5-23, 67
﻿LIVA-X, 2
﻿LOCOM5-Cn, 2
﻿MAST, 1
﻿MFI-CS-Eu, 13
﻿MPORT-Cn, 2
﻿MTTS-L, 30
﻿MTTS-M, 15
﻿NANOMOUNT-Lo, 4
﻿NBE-5AC-16, 1
﻿NBE-M5-16, 55
﻿NBE-M5-19-Cn, 22
﻿NCB-FM50D-LCLC-3, 2
﻿NET-RJ45-100, 1
﻿NS-WM-Lo, 5
﻿NSM2, 1
﻿NSM2-Cn, 1
﻿NSM2-Eu, 2
﻿NSM5-Cn, 28
﻿OP650VA, 1
﻿PAK-620, 12
﻿PBE-5AC-300-ISO, 9
﻿PBE-5AC-400, 3
﻿PBE-5AC-400-ISO, 24
﻿PBE-5AC-GEN2, 56
﻿PBE-M2-400, 2
﻿PBE-M5-300, 157
﻿PBE-M5-300-ISO, 58
﻿PBE-M5-400, 19
﻿PBE-M5AC-300, 4
﻿PBE-M5AC-500, 13
﻿PBM10-Cn, 2
﻿PBM3-Cn, 4
﻿PICOM2-HP-Cn, 3
﻿POE-24-12-G, 76
﻿POE-24-24W-Cn, 75
﻿POE-24-24W-Eu, 22
﻿POE-24-AF5X, 2
﻿POE-48-24W-G-Cn, 65
﻿POE-EXT-GD-HP, 1
﻿POE-INJ-1000-S, 1
﻿POETAP, 47
﻿PS-5AC-45, 1
﻿R5AC-LITE, 12
﻿R5AC-PRISM, 2
﻿R5AC-PTMP, 47
﻿R5AC-PTP, 19
﻿RB1100AHX4DUDE-EDITI, 1
﻿RB2011UIAS-2HND-I, 2
﻿RB2011UIAS-IN-Eu, 20
﻿RB2011UIAS-RM-Eu, 7
﻿RB250GS-EU, 2
﻿RB260GS-Cn, 35
﻿RB260GSP, 35
﻿RB750GR2, 1
﻿RB750GR3, 119
﻿RB750R2, 18
﻿RB750UPR2, 25
﻿RB941-2ND-TC, 46
﻿RB951G-2HND, 71
﻿RB951UI-2HND, 2
﻿RB951UI-2ND, 12
﻿RB952UI, 23
﻿RB960PGS, 51
﻿RB960PGS-PB, 4
﻿RBFTC11, 1
﻿RBGPOE, 31
﻿RBMETAL2SHPN, 1
﻿RBOMNITIKU-5HND-Eu, 1
﻿RBPOE, 2
﻿RBSXT-5HPND-Eu, 5
﻿RBWAP2ND, 2
﻿RBWAPG60ADKIT, 1
﻿RBWMK, 11
﻿RD-5G30, 2
﻿RD-5G30-LW, 15
﻿RD-5G31-AC, 4
﻿RD-5G34-Cn, 2
﻿RM5-TI-Cn, 2
﻿ROCKETM2-Cn, 7
﻿ROCKETM5, 14
﻿ROCKSHIELD, 5
﻿RP-5AC-GEN2, 58
﻿RUT240LTE, 3
﻿RUT850, 2
﻿RUT900, 1
﻿RUT950, 4
﻿S-31DLC20D, 60
﻿S-85DLC05D, 17
﻿S-RJ01, 20
﻿SEC-CC-5-17, 1
﻿SFP31DLC10D-LR, 2
﻿SH-TP-5-60, 2
﻿SH-TP-5-90, 1
﻿SM-BASEII, 11
﻿SM-GPOE8-DIN, 11
﻿SURGE, 1
﻿TC-CARRIER, 27
﻿TC-CON-100, 30
﻿TC-CON-100-Eu, 24
﻿TC-PRO, 5
﻿TC-PRO-PIECE, 125
﻿TP-ADAP-R5AC-PRISM, 4
﻿TP-ADAPTOR-RM5-S-V2, 16
﻿TP-DCDC-1224, 7
﻿TP-DCDC-4824G, 5
﻿TP-M, 5
﻿TP-POE-HP-48G, 1
﻿TP-SW5G, 1
﻿TP-VR-2412, 30
﻿TP-VRHP-4856, 7
﻿TPB-5-SOLAR, 9
﻿TRIPOD-POLE, 4
﻿TS-5-POE-Cn, 10
﻿TS-8-PRO-Cn, 75
﻿UAP-3, 11
﻿UAP-AC-Cn, 1
﻿UAP-AC-EDU, 2
﻿UAP-AC-HD, 20
﻿UAP-AC-LITE, 116
﻿UAP-AC-LITE-5, 4
﻿UAP-AC-LR, 56
﻿UAP-AC-LR-5, 1
﻿UAP-AC-M-PRO, 51
﻿UAP-AC-M-U, 144
﻿UAP-AC-OUTDOOR, 7
﻿UAP-AC-PRO, 16
﻿UAP-AC-PRO-5, 1
﻿UAP-LR, 55
﻿UAP-LR-3-Cn, 20
﻿UAP-OUTDOOR, 7
﻿UAP-OUTDOOR-5-Eu, 1
﻿UAP-PRO-3-Cn, 8
﻿UAP-PRO-3-Eu, 6
﻿UAP-PRO-Cn, 3
﻿UC-CK, 99
﻿UDC-2, 95
﻿UF-GP-B, 3
﻿UF-MM-10G, 26
﻿UF-MM-1G, 27
﻿UF-NANO, 43
﻿UF-OLT, 5
﻿UF-SM-1G-S, 20
﻿UMA-D, 92
﻿UOC-1, 183
﻿UOC-2, 189
﻿UOC-3, 95
﻿UOC-5, 82
﻿US-16-150W, 7
﻿US-16-XG, 4
﻿US-24, 12
﻿US-24-250, 20
﻿US-24-500W, 17
﻿US-48, 4
﻿US-8-150W, 45
﻿US-8-60W-5, 14
﻿USG-CN, 18
﻿USG-PRO-4, 10
﻿UVC-3-CN, 4
﻿UVC-DOME-3, 3
﻿UVC-G3, 5
﻿UVC-G3-DOME, 1
﻿UVC-G3-DOME-5, 1
﻿UVC-MICRO, 11
﻿UVC-PRO-CN, 10
﻿UVP, 4
﻿VIC-CONT, 1
﻿WA1505N, 12
﻿WAPLTEKIT, 1
﻿WS-12-250-DC, 10
﻿WS-6-MINI, 6
